_id,download_url,git_url,html_url,path,type,repo_language,repo_created_at,repo_updated_at,full_name,operator_class,parameter_key,parameter_value_link_to_ds
https://github.com/CS-Seminar/fNIRS/blob/0a88949644c1af499f33e4fac696f6e5879c81a9/fNIRs/src/fNIRs/templates/Neural%20Net,https://raw.githubusercontent.com/CS-Seminar/fNIRS/0a88949644c1af499f33e4fac696f6e5879c81a9/fNIRs/src/fNIRs/templates/Neural%20Net,https://api.github.com/repos/CS-Seminar/fNIRS/git/blobs/944bc11c9ca35c95bcca23eb9626b719d560b837,https://github.com/CS-Seminar/fNIRS/blob/0a88949644c1af499f33e4fac696f6e5879c81a9/fNIRs/src/fNIRs/templates/Neural%20Net,fNIRs/src/fNIRs/templates/Neural Net,file,Java,2013-09-13 23:33:27,2014-07-28 14:25:29,CS-Seminar/fNIRS,read_excel,excel_file,C:\Users\jssmith\Desktop\RapidStuff\RM_input_file.xls
https://github.com/CS-Seminar/fNIRS/blob/0a88949644c1af499f33e4fac696f6e5879c81a9/fNIRs/src/fNIRs/templates/K%20Nearest%20Neighbor,https://raw.githubusercontent.com/CS-Seminar/fNIRS/0a88949644c1af499f33e4fac696f6e5879c81a9/fNIRs/src/fNIRs/templates/K%20Nearest%20Neighbor,https://api.github.com/repos/CS-Seminar/fNIRS/git/blobs/25c6501d8a1bc265c64b023896c9e4585466d6e8,https://github.com/CS-Seminar/fNIRS/blob/0a88949644c1af499f33e4fac696f6e5879c81a9/fNIRs/src/fNIRs/templates/K%20Nearest%20Neighbor,fNIRs/src/fNIRs/templates/K Nearest Neighbor,file,Java,2013-09-13 23:33:27,2014-07-28 14:25:29,CS-Seminar/fNIRS,read_excel,excel_file,C:\Users\jssmith\Desktop\RapidStuff\RM_input_file.xls
https://github.com/CS-Seminar/fNIRS/blob/0a88949644c1af499f33e4fac696f6e5879c81a9/fNIRs/src/fNIRs/templates/Numeric%20Label,https://raw.githubusercontent.com/CS-Seminar/fNIRS/0a88949644c1af499f33e4fac696f6e5879c81a9/fNIRs/src/fNIRs/templates/Numeric%20Label,https://api.github.com/repos/CS-Seminar/fNIRS/git/blobs/5530c523034b2ea9d768851d452c6561c2c94d0d,https://github.com/CS-Seminar/fNIRS/blob/0a88949644c1af499f33e4fac696f6e5879c81a9/fNIRs/src/fNIRs/templates/Numeric%20Label,fNIRs/src/fNIRs/templates/Numeric Label,file,Java,2013-09-13 23:33:27,2014-07-28 14:25:29,CS-Seminar/fNIRS,read_excel,excel_file,C:\Users\jssmith\Desktop\RapidStuff\RM_input_file.xls
https://github.com/CS-Seminar/fNIRS/blob/0a88949644c1af499f33e4fac696f6e5879c81a9/fNIRs/src/fNIRs/templates/Process%20Template,https://raw.githubusercontent.com/CS-Seminar/fNIRS/0a88949644c1af499f33e4fac696f6e5879c81a9/fNIRs/src/fNIRs/templates/Process%20Template,https://api.github.com/repos/CS-Seminar/fNIRS/git/blobs/31323c7e7a90fe5af7cf1c3302e47e1874821fa0,https://github.com/CS-Seminar/fNIRS/blob/0a88949644c1af499f33e4fac696f6e5879c81a9/fNIRs/src/fNIRs/templates/Process%20Template,fNIRs/src/fNIRs/templates/Process Template,file,Java,2013-09-13 23:33:27,2014-07-28 14:25:29,CS-Seminar/fNIRS,read_excel,excel_file,C:\Users\jssmith\Desktop\RapidStuff\RM_input_file.xls
https://github.com/CS-Seminar/fNIRS/blob/0a88949644c1af499f33e4fac696f6e5879c81a9/fNIRs/process,https://raw.githubusercontent.com/CS-Seminar/fNIRS/0a88949644c1af499f33e4fac696f6e5879c81a9/fNIRs/process,https://api.github.com/repos/CS-Seminar/fNIRS/git/blobs/62d4bbfe119f39f06adf06b1956f4c919a41e7c6,https://github.com/CS-Seminar/fNIRS/blob/0a88949644c1af499f33e4fac696f6e5879c81a9/fNIRs/process,fNIRs/process,file,Java,2013-09-13 23:33:27,2014-07-28 14:25:29,CS-Seminar/fNIRS,read_excel,excel_file,C:\Users\jssmith\Desktop\RapidStuff\RM_input_file.xls
https://github.com/fsanjuan/roisin-core/blob/7939e1b1ef208abb804ec80b358a068f1cb162b6/roisin-processes/ripper-golf-from-excel.xml,https://raw.githubusercontent.com/fsanjuan/roisin-core/7939e1b1ef208abb804ec80b358a068f1cb162b6/roisin-processes/ripper-golf-from-excel.xml,https://api.github.com/repos/fsanjuan/roisin-core/git/blobs/265c15fe61042d9c2b1439ddc7b5bb04b0060338,https://github.com/fsanjuan/roisin-core/blob/7939e1b1ef208abb804ec80b358a068f1cb162b6/roisin-processes/ripper-golf-from-excel.xml,roisin-processes/ripper-golf-from-excel.xml,file,Java,2014-01-24 15:12:27,2014-08-28 16:18:40,fsanjuan/roisin-core,read_excel,excel_file,/Users/felix/03.TFG/DatosDeEjemplo/golf.xlsx
https://github.com/lpontour/Rapidminer/blob/29840cc3cab830a36c60c4859093dceaeae500e1/Rapid/Steam%20einlesen.rmp,https://raw.githubusercontent.com/lpontour/Rapidminer/29840cc3cab830a36c60c4859093dceaeae500e1/Rapid/Steam%20einlesen.rmp,https://api.github.com/repos/lpontour/Rapidminer/git/blobs/5a2b812e79bcd209057d1724693e039184d46c96,https://github.com/lpontour/Rapidminer/blob/29840cc3cab830a36c60c4859093dceaeae500e1/Rapid/Steam%20einlesen.rmp,Rapid/Steam einlesen.rmp,file,,2018-02-22 12:16:40,2018-02-22 12:21:55,lpontour/Rapidminer,read_excel,excel_file,C:\Users\lp_ontour\.RapidMiner\repositories\Local Repository\data\Wortlisten\Wortliste DeutschTest.xlsx
https://github.com/ttu-cs-5363-team-3/cs-5363-1/blob/92b608d0a3aba0357373d9e77a94b3dfc853bc4a/Etc/Util/RapidMiner/recommendation.rmp,https://raw.githubusercontent.com/ttu-cs-5363-team-3/cs-5363-1/92b608d0a3aba0357373d9e77a94b3dfc853bc4a/Etc/Util/RapidMiner/recommendation.rmp,https://api.github.com/repos/ttu-cs-5363-team-3/cs-5363-1/git/blobs/9a261a55613f11076883cebe9898fe22281b601a,https://github.com/ttu-cs-5363-team-3/cs-5363-1/blob/92b608d0a3aba0357373d9e77a94b3dfc853bc4a/Etc/Util/RapidMiner/recommendation.rmp,Etc/Util/RapidMiner/recommendation.rmp,file,C#,2017-02-10 03:04:32,2017-03-06 20:11:36,ttu-cs-5363-team-3/cs-5363-1,read_excel,excel_file,C:\Users\mahdi\Desktop\TTU-Courses\Project-MGM\RapidMiner\Training.xlsx
https://github.com/WouterDeketelaere/LearningAnalytics/blob/23a66fef85beaff86a71bc432576ce529fb99510/src/main/repository/processes/subprocesses/preprocessing/Python%20Attribute%20Select.rmp,https://raw.githubusercontent.com/WouterDeketelaere/LearningAnalytics/23a66fef85beaff86a71bc432576ce529fb99510/src/main/repository/processes/subprocesses/preprocessing/Python%20Attribute%20Select.rmp,https://api.github.com/repos/WouterDeketelaere/LearningAnalytics/git/blobs/5aadf1d13f94c3925360de85b7c8701cd8183335,https://github.com/WouterDeketelaere/LearningAnalytics/blob/23a66fef85beaff86a71bc432576ce529fb99510/src/main/repository/processes/subprocesses/preprocessing/Python%20Attribute%20Select.rmp,src/main/repository/processes/subprocesses/preprocessing/Python Attribute Select.rmp,file,JavaScript,2017-08-16 14:25:46,2017-08-16 14:26:53,WouterDeketelaere/LearningAnalytics,read_excel,excel_file,/home/wouter/Google Drive/Master AI/Thesis/Code/la-dashboard/src/main/repository/data/Data Analyse.xlsx
https://github.com/bronchaus/college/blob/6be0d33104fe7c4ed3d741dc791218662d15bf03/Year%204/Semester8/TextMining/Labs/lab4files/usingGetPages.rmp,https://raw.githubusercontent.com/bronchaus/college/6be0d33104fe7c4ed3d741dc791218662d15bf03/Year%204/Semester8/TextMining/Labs/lab4files/usingGetPages.rmp,https://api.github.com/repos/bronchaus/college/git/blobs/128b0ff8a9f2ea5c894810c56f45c72b72756566,https://github.com/bronchaus/college/blob/6be0d33104fe7c4ed3d741dc791218662d15bf03/Year%204/Semester8/TextMining/Labs/lab4files/usingGetPages.rmp,Year 4/Semester8/TextMining/Labs/lab4files/usingGetPages.rmp,file,Java,2016-04-21 15:36:13,2016-04-21 16:02:02,bronchaus/college,read_excel,excel_file,/Users/geraldine/Documents/work ALL FOLDERS June 10th 2015/3 Honours Degree/2 Text Analysis/assessments/urlList.xls
https://github.com/rs2bd/Bill-Su-Full-Portfolio/blob/04669ec217159664903db6e3c499b69c1743c85a/Business-School-Projects/Nomz%20Google%20Adword%20Campaign%20Project/Milestone%205/SEO%20Keyword%20Results/CollectionsAll%20Model.xml,https://raw.githubusercontent.com/rs2bd/Bill-Su-Full-Portfolio/04669ec217159664903db6e3c499b69c1743c85a/Business-School-Projects/Nomz%20Google%20Adword%20Campaign%20Project/Milestone%205/SEO%20Keyword%20Results/CollectionsAll%20Model.xml,https://api.github.com/repos/rs2bd/Bill-Su-Full-Portfolio/git/blobs/6d5bb1ae30df9dec17feb30dfd42445c69cb31a5,https://github.com/rs2bd/Bill-Su-Full-Portfolio/blob/04669ec217159664903db6e3c499b69c1743c85a/Business-School-Projects/Nomz%20Google%20Adword%20Campaign%20Project/Milestone%205/SEO%20Keyword%20Results/CollectionsAll%20Model.xml,Business-School-Projects/Nomz Google Adword Campaign Project/Milestone 5/SEO Keyword Results/CollectionsAll Model.xml,file,HTML,2016-07-20 13:52:23,2016-07-20 18:51:18,rs2bd/Bill-Su-Full-Portfolio,read_excel,excel_file,C:\Users\cst2zu\Desktop\EC Temp\SearchCollectionsAll.xlsx
https://github.com/rs2bd/Bill-Su-Full-Portfolio/blob/04669ec217159664903db6e3c499b69c1743c85a/Business-School-Projects/Nomz%20Google%20Adword%20Campaign%20Project/Milestone%205/SEO%20Keyword%20Results/HomeSearch%20Model.xml,https://raw.githubusercontent.com/rs2bd/Bill-Su-Full-Portfolio/04669ec217159664903db6e3c499b69c1743c85a/Business-School-Projects/Nomz%20Google%20Adword%20Campaign%20Project/Milestone%205/SEO%20Keyword%20Results/HomeSearch%20Model.xml,https://api.github.com/repos/rs2bd/Bill-Su-Full-Portfolio/git/blobs/32076d0913a52ff590aeb3df0f2a3c370a5e54bb,https://github.com/rs2bd/Bill-Su-Full-Portfolio/blob/04669ec217159664903db6e3c499b69c1743c85a/Business-School-Projects/Nomz%20Google%20Adword%20Campaign%20Project/Milestone%205/SEO%20Keyword%20Results/HomeSearch%20Model.xml,Business-School-Projects/Nomz Google Adword Campaign Project/Milestone 5/SEO Keyword Results/HomeSearch Model.xml,file,HTML,2016-07-20 13:52:23,2016-07-20 18:51:18,rs2bd/Bill-Su-Full-Portfolio,read_excel,excel_file,C:\Users\cst2zu\Desktop\EC Temp\SearchHome.xlsx
https://github.com/rs2bd/Bill-Su-Full-Portfolio/blob/04669ec217159664903db6e3c499b69c1743c85a/Business-School-Projects/Nomz%20Google%20Adword%20Campaign%20Project/Milestone%205/SEO%20Keyword%20Results/KOB%20Model.xml,https://raw.githubusercontent.com/rs2bd/Bill-Su-Full-Portfolio/04669ec217159664903db6e3c499b69c1743c85a/Business-School-Projects/Nomz%20Google%20Adword%20Campaign%20Project/Milestone%205/SEO%20Keyword%20Results/KOB%20Model.xml,https://api.github.com/repos/rs2bd/Bill-Su-Full-Portfolio/git/blobs/8d886e94e3b183f4cddfb75d58fc88d6d29b39f3,https://github.com/rs2bd/Bill-Su-Full-Portfolio/blob/04669ec217159664903db6e3c499b69c1743c85a/Business-School-Projects/Nomz%20Google%20Adword%20Campaign%20Project/Milestone%205/SEO%20Keyword%20Results/KOB%20Model.xml,Business-School-Projects/Nomz Google Adword Campaign Project/Milestone 5/SEO Keyword Results/KOB Model.xml,file,HTML,2016-07-20 13:52:23,2016-07-20 18:51:18,rs2bd/Bill-Su-Full-Portfolio,read_excel,excel_file,C:\Users\cst2zu\Desktop\EC Temp\SearchKOB.xlsx
https://github.com/rs2bd/Bill-Su-Full-Portfolio/blob/04669ec217159664903db6e3c499b69c1743c85a/Business-School-Projects/Nomz%20Google%20Adword%20Campaign%20Project/Milestone%205/SEO%20Keyword%20Results/Mushroom%20Model.xml,https://raw.githubusercontent.com/rs2bd/Bill-Su-Full-Portfolio/04669ec217159664903db6e3c499b69c1743c85a/Business-School-Projects/Nomz%20Google%20Adword%20Campaign%20Project/Milestone%205/SEO%20Keyword%20Results/Mushroom%20Model.xml,https://api.github.com/repos/rs2bd/Bill-Su-Full-Portfolio/git/blobs/911e76734268d0b2fd0396d361ef9ca704639257,https://github.com/rs2bd/Bill-Su-Full-Portfolio/blob/04669ec217159664903db6e3c499b69c1743c85a/Business-School-Projects/Nomz%20Google%20Adword%20Campaign%20Project/Milestone%205/SEO%20Keyword%20Results/Mushroom%20Model.xml,Business-School-Projects/Nomz Google Adword Campaign Project/Milestone 5/SEO Keyword Results/Mushroom Model.xml,file,HTML,2016-07-20 13:52:23,2016-07-20 18:51:18,rs2bd/Bill-Su-Full-Portfolio,read_excel,excel_file,C:\Users\cst2zu\Desktop\EC Temp\SearchMushroom.xlsx
https://github.com/rs2bd/Bill-Su-Full-Portfolio/blob/04669ec217159664903db6e3c499b69c1743c85a/Business-School-Projects/Nomz%20Google%20Adword%20Campaign%20Project/Milestone%205/SEO%20Keyword%20Results/VBF%20Model.xml,https://raw.githubusercontent.com/rs2bd/Bill-Su-Full-Portfolio/04669ec217159664903db6e3c499b69c1743c85a/Business-School-Projects/Nomz%20Google%20Adword%20Campaign%20Project/Milestone%205/SEO%20Keyword%20Results/VBF%20Model.xml,https://api.github.com/repos/rs2bd/Bill-Su-Full-Portfolio/git/blobs/182276d13bcadc86feeb78804c13479a8395c7d1,https://github.com/rs2bd/Bill-Su-Full-Portfolio/blob/04669ec217159664903db6e3c499b69c1743c85a/Business-School-Projects/Nomz%20Google%20Adword%20Campaign%20Project/Milestone%205/SEO%20Keyword%20Results/VBF%20Model.xml,Business-School-Projects/Nomz Google Adword Campaign Project/Milestone 5/SEO Keyword Results/VBF Model.xml,file,HTML,2016-07-20 13:52:23,2016-07-20 18:51:18,rs2bd/Bill-Su-Full-Portfolio,read_excel,excel_file,C:\Users\cst2zu\Desktop\EC Temp\SearchVBF.xlsx
https://github.com/smarie/java-octminer/blob/713977b03fe39eec1fdf4c634248d24297a5160b/Tests_RMRepository/IntegrationTestProcesses/trunk/RM-src/LoadTest.rmp,https://raw.githubusercontent.com/smarie/java-octminer/713977b03fe39eec1fdf4c634248d24297a5160b/Tests_RMRepository/IntegrationTestProcesses/trunk/RM-src/LoadTest.rmp,https://api.github.com/repos/smarie/java-octminer/git/blobs/f58e0804630136cc2555734e16fc593258791faf,https://github.com/smarie/java-octminer/blob/713977b03fe39eec1fdf4c634248d24297a5160b/Tests_RMRepository/IntegrationTestProcesses/trunk/RM-src/LoadTest.rmp,Tests_RMRepository/IntegrationTestProcesses/trunk/RM-src/LoadTest.rmp,file,Java,2017-09-01 13:17:57,2017-09-01 13:23:16,smarie/java-octminer,read_excel,excel_file,D:\documents and Settings\sesa55210\Desktop\NbData_new.xls
https://github.com/NiklasSchwerin/DataMining/blob/1fb3924e426227c95d7816ad325dd15c54ea1193/DAMI%20Project/RapidMiner%20Processes/Comparison%20ML%20and%20Statistical/Comparison%20Native%20Bayes.rmp,https://raw.githubusercontent.com/NiklasSchwerin/DataMining/1fb3924e426227c95d7816ad325dd15c54ea1193/DAMI%20Project/RapidMiner%20Processes/Comparison%20ML%20and%20Statistical/Comparison%20Native%20Bayes.rmp,https://api.github.com/repos/NiklasSchwerin/DataMining/git/blobs/8b3862017629d07330127c8bf723fa2f0e8fa0c3,https://github.com/NiklasSchwerin/DataMining/blob/1fb3924e426227c95d7816ad325dd15c54ea1193/DAMI%20Project/RapidMiner%20Processes/Comparison%20ML%20and%20Statistical/Comparison%20Native%20Bayes.rmp,DAMI Project/RapidMiner Processes/Comparison ML and Statistical/Comparison Native Bayes.rmp,file,Jupyter Notebook,2017-09-25 13:39:24,2017-09-25 13:51:29,NiklasSchwerin/DataMining,read_excel,excel_file,C:\Users\nikla\Documents\DAMI Project\BUNDESLIGA_ExPORT_Spieltag_16.xls
https://github.com/data-mining-ulb/data-mining-2/blob/911659d29c4b7d869f70467d8a271cb0eed40b6c/association-rules.rmp,https://raw.githubusercontent.com/data-mining-ulb/data-mining-2/911659d29c4b7d869f70467d8a271cb0eed40b6c/association-rules.rmp,https://api.github.com/repos/data-mining-ulb/data-mining-2/git/blobs/d834f31936e3ba934edc14b27057c2256e28419b,https://github.com/data-mining-ulb/data-mining-2/blob/911659d29c4b7d869f70467d8a271cb0eed40b6c/association-rules.rmp,association-rules.rmp,file,,2017-11-20 16:49:34,2017-11-20 16:49:34,data-mining-ulb/data-mining-2,read_excel,excel_file,D:\data-mining-2\WA_Fn-UseC_-IT-Help-Desk.xlsx
https://github.com/pirzada/COMP412-final-project/blob/ae9da27c17d22eb961f0f30edc87b3cf7e9f2946/Reading%20Schedule.rmp,https://raw.githubusercontent.com/pirzada/COMP412-final-project/ae9da27c17d22eb961f0f30edc87b3cf7e9f2946/Reading%20Schedule.rmp,https://api.github.com/repos/pirzada/COMP412-final-project/git/blobs/cdce9c12f383490d9bab48181316c8b2799d62a7,https://github.com/pirzada/COMP412-final-project/blob/ae9da27c17d22eb961f0f30edc87b3cf7e9f2946/Reading%20Schedule.rmp,Reading Schedule.rmp,file,HTML,2015-07-07 00:47:10,2015-07-24 22:24:59,pirzada/COMP412-final-project,read_excel,excel_file,/Users/Hattan/Downloads/Schedule of Classes for Fall 2015 - student project.xlsx
https://github.com/tomsean/rapidminer-demo/blob/786ec8b6169d33df0b28c2909a4a4fea0b8989b5/processes/%E8%8E%B7%E5%8F%96%E9%9C%80%E6%B1%82.rmp,https://raw.githubusercontent.com/tomsean/rapidminer-demo/786ec8b6169d33df0b28c2909a4a4fea0b8989b5/processes/%E8%8E%B7%E5%8F%96%E9%9C%80%E6%B1%82.rmp,https://api.github.com/repos/tomsean/rapidminer-demo/git/blobs/516496cc953bd7a059bbd947e488d9c11fb20c37,https://github.com/tomsean/rapidminer-demo/blob/786ec8b6169d33df0b28c2909a4a4fea0b8989b5/processes/%E8%8E%B7%E5%8F%96%E9%9C%80%E6%B1%82.rmp,processes/获取需求.rmp,file,,2016-03-03 09:20:45,2016-03-03 09:20:45,tomsean/rapidminer-demo,read_excel,excel_file,C:\Users\Administrator\Desktop\doc\stopword.xls
https://github.com/nsethi31/Market-Segmentation-of-Bath-Soap/blob/00b1a579b16d60b6e2647740472326248813af51/Agglomerative.rmp,https://raw.githubusercontent.com/nsethi31/Market-Segmentation-of-Bath-Soap/00b1a579b16d60b6e2647740472326248813af51/Agglomerative.rmp,https://api.github.com/repos/nsethi31/Market-Segmentation-of-Bath-Soap/git/blobs/b47396c912c7c71b2a530d5007684170472b71c0,https://github.com/nsethi31/Market-Segmentation-of-Bath-Soap/blob/00b1a579b16d60b6e2647740472326248813af51/Agglomerative.rmp,Agglomerative.rmp,file,,2017-01-06 04:21:08,2017-01-06 04:21:08,nsethi31/Market-Segmentation-of-Bath-Soap,read_excel,excel_file,C:\Users\Nishit\Desktop\Fall 2016\IDS 572-Data Mining for Business\Assignments\Assignment 4\Data.xlsx
https://github.com/nsethi31/Market-Segmentation-of-Bath-Soap/blob/00b1a579b16d60b6e2647740472326248813af51/DBSCAN.rmp,https://raw.githubusercontent.com/nsethi31/Market-Segmentation-of-Bath-Soap/00b1a579b16d60b6e2647740472326248813af51/DBSCAN.rmp,https://api.github.com/repos/nsethi31/Market-Segmentation-of-Bath-Soap/git/blobs/7a0e31e785976443e6de75e99103e3c2a779d70d,https://github.com/nsethi31/Market-Segmentation-of-Bath-Soap/blob/00b1a579b16d60b6e2647740472326248813af51/DBSCAN.rmp,DBSCAN.rmp,file,,2017-01-06 04:21:08,2017-01-06 04:21:08,nsethi31/Market-Segmentation-of-Bath-Soap,read_excel,excel_file,C:\Users\Nishit\Desktop\Fall 2016\IDS 572-Data Mining for Business\Assignments\Assignment 4\Data.xlsx
https://github.com/nsethi31/Market-Segmentation-of-Bath-Soap/blob/00b1a579b16d60b6e2647740472326248813af51/k-mediods.rmp,https://raw.githubusercontent.com/nsethi31/Market-Segmentation-of-Bath-Soap/00b1a579b16d60b6e2647740472326248813af51/k-mediods.rmp,https://api.github.com/repos/nsethi31/Market-Segmentation-of-Bath-Soap/git/blobs/511e8012b14594240052273de6fe79690781fcf4,https://github.com/nsethi31/Market-Segmentation-of-Bath-Soap/blob/00b1a579b16d60b6e2647740472326248813af51/k-mediods.rmp,k-mediods.rmp,file,,2017-01-06 04:21:08,2017-01-06 04:21:08,nsethi31/Market-Segmentation-of-Bath-Soap,read_excel,excel_file,C:\Users\Nishit\Desktop\Fall 2016\IDS 572-Data Mining for Business\Assignments\Assignment 4\Data.xlsx
https://github.com/nsethi31/Market-Segmentation-of-Bath-Soap/blob/00b1a579b16d60b6e2647740472326248813af51/kernel%20k-means.rmp,https://raw.githubusercontent.com/nsethi31/Market-Segmentation-of-Bath-Soap/00b1a579b16d60b6e2647740472326248813af51/kernel%20k-means.rmp,https://api.github.com/repos/nsethi31/Market-Segmentation-of-Bath-Soap/git/blobs/c898b16b13954fffe4784823cdb2e7f07cd588da,https://github.com/nsethi31/Market-Segmentation-of-Bath-Soap/blob/00b1a579b16d60b6e2647740472326248813af51/kernel%20k-means.rmp,kernel k-means.rmp,file,,2017-01-06 04:21:08,2017-01-06 04:21:08,nsethi31/Market-Segmentation-of-Bath-Soap,read_excel,excel_file,C:\Users\Nishit\Desktop\Fall 2016\IDS 572-Data Mining for Business\Assignments\Assignment 4\Data.xlsx
https://github.com/Sanger88/PBD_SG/blob/4325a77e1b3973248fe330b3b9675721f0c87636/Decision%20Tree.rmp,https://raw.githubusercontent.com/Sanger88/PBD_SG/4325a77e1b3973248fe330b3b9675721f0c87636/Decision%20Tree.rmp,https://api.github.com/repos/Sanger88/PBD_SG/git/blobs/448a00803cfa47e7f94c7794d253ad3332ea25eb,https://github.com/Sanger88/PBD_SG/blob/4325a77e1b3973248fe330b3b9675721f0c87636/Decision%20Tree.rmp,Decision Tree.rmp,file,Python,2017-06-22 09:28:56,2017-10-26 11:27:25,Sanger88/PBD_SG,read_excel,excel_file,C:\WAREHOUSE - dio\Dublin Business School\2. Data and Web Mining\CA\AIRLINES DELAYES\MERGED DATASET\First Try Fail\All airlines 2004-2008 .xlsx
https://github.com/Sanger88/PBD_SG/blob/4325a77e1b3973248fe330b3b9675721f0c87636/Logistic%20Regression.rmp,https://raw.githubusercontent.com/Sanger88/PBD_SG/4325a77e1b3973248fe330b3b9675721f0c87636/Logistic%20Regression.rmp,https://api.github.com/repos/Sanger88/PBD_SG/git/blobs/2f9ced8b3a874c986066043f33aadb7cd9b5a70c,https://github.com/Sanger88/PBD_SG/blob/4325a77e1b3973248fe330b3b9675721f0c87636/Logistic%20Regression.rmp,Logistic Regression.rmp,file,Python,2017-06-22 09:28:56,2017-10-26 11:27:25,Sanger88/PBD_SG,read_excel,excel_file,C:\WAREHOUSE - dio\Dublin Business School\2. Data and Web Mining\CA\AIRLINES DELAYES\MERGED DATASET\First Try Fail\All airlines 2004-2008 .xlsx
https://github.com/Sanger88/PBD_SG/blob/4325a77e1b3973248fe330b3b9675721f0c87636/Naive%20Bayes%20-%20All%20Flights.rmp,https://raw.githubusercontent.com/Sanger88/PBD_SG/4325a77e1b3973248fe330b3b9675721f0c87636/Naive%20Bayes%20-%20All%20Flights.rmp,https://api.github.com/repos/Sanger88/PBD_SG/git/blobs/34fdf0986b1c0d18885b86aa33ae897c7cd2788d,https://github.com/Sanger88/PBD_SG/blob/4325a77e1b3973248fe330b3b9675721f0c87636/Naive%20Bayes%20-%20All%20Flights.rmp,Naive Bayes - All Flights.rmp,file,Python,2017-06-22 09:28:56,2017-10-26 11:27:25,Sanger88/PBD_SG,read_excel,excel_file,C:\WAREHOUSE - dio\Dublin Business School\2. Data and Web Mining\CA\AIRLINES DELAYES\MERGED DATASET\First Try Fail\All airlines 2004-2008 .xlsx
https://github.com/data-mining-ulb/data-mining-2/blob/18c1bece104ab09e0a0af42a3ce918705b11cf87/association-rules%20(alternative).rmp,https://raw.githubusercontent.com/data-mining-ulb/data-mining-2/18c1bece104ab09e0a0af42a3ce918705b11cf87/association-rules%20(alternative).rmp,https://api.github.com/repos/data-mining-ulb/data-mining-2/git/blobs/c9f47d396a4eab35ed4fa10bac4bb31e31302392,https://github.com/data-mining-ulb/data-mining-2/blob/18c1bece104ab09e0a0af42a3ce918705b11cf87/association-rules%20(alternative).rmp,association-rules (alternative).rmp,file,,2017-11-20 16:49:34,2017-11-20 16:49:34,data-mining-ulb/data-mining-2,read_excel,excel_file,D:\data-mining-2\WA_Fn-UseC_-IT-Help-Desk.xlsx
https://github.com/mikhilpaul/german-credit-analysis/blob/2a5f95ae510d31063608ff101976fa7010ee454e/Compare%20ROC.rmp,https://raw.githubusercontent.com/mikhilpaul/german-credit-analysis/2a5f95ae510d31063608ff101976fa7010ee454e/Compare%20ROC.rmp,https://api.github.com/repos/mikhilpaul/german-credit-analysis/git/blobs/975eec275080a89699dcc8ec4a87fc7476d17ec0,https://github.com/mikhilpaul/german-credit-analysis/blob/2a5f95ae510d31063608ff101976fa7010ee454e/Compare%20ROC.rmp,Compare ROC.rmp,file,,2018-01-01 01:39:45,2018-01-01 01:39:45,mikhilpaul/german-credit-analysis,read_excel,excel_file,C:\Users\Mikhil Paul\Documents\RapidMiner Repository\data\GermanCredit_assgt_F17.xls
https://github.com/mounicasirineni/Market-segmentation-using-clustering-techniques/blob/ed08376cccd72315b66bf722dff729416c26c98e/RapidMinerProcess/clusBbathSoap_getting%20started.rmp,https://raw.githubusercontent.com/mounicasirineni/Market-segmentation-using-clustering-techniques/ed08376cccd72315b66bf722dff729416c26c98e/RapidMinerProcess/clusBbathSoap_getting%20started.rmp,https://api.github.com/repos/mounicasirineni/Market-segmentation-using-clustering-techniques/git/blobs/334587bac953d7ae4e631e7672800cdf4a158f3d,https://github.com/mounicasirineni/Market-segmentation-using-clustering-techniques/blob/ed08376cccd72315b66bf722dff729416c26c98e/RapidMinerProcess/clusBbathSoap_getting%20started.rmp,RapidMinerProcess/clusBbathSoap_getting started.rmp,file,,2015-12-13 06:50:20,2016-02-07 18:02:20,mounicasirineni/Market-segmentation-using-clustering-techniques,read_excel,excel_file,..\Assgt_clusBathSoap_Data.xls
https://github.com/namman2/Data-Analytics-Projects/blob/fb4158dc943d0ecff0c052b9c40dbc176fb39b51/German%20Credit%20Data%20Analysis%20(UCI%20Machine%20Learning)/Files/80%2020.rmp,https://raw.githubusercontent.com/namman2/Data-Analytics-Projects/fb4158dc943d0ecff0c052b9c40dbc176fb39b51/German%20Credit%20Data%20Analysis%20(UCI%20Machine%20Learning)/Files/80%2020.rmp,https://api.github.com/repos/namman2/Data-Analytics-Projects/git/blobs/c69d1fadc0a6e4612dca04659ee4ea78947ba5ac,https://github.com/namman2/Data-Analytics-Projects/blob/fb4158dc943d0ecff0c052b9c40dbc176fb39b51/German%20Credit%20Data%20Analysis%20(UCI%20Machine%20Learning)/Files/80%2020.rmp,German Credit Data Analysis (UCI Machine Learning)/Files/80 20.rmp,file,Jupyter Notebook,2015-12-24 08:22:50,2018-03-13 18:45:27,namman2/Data-Analytics-Projects,read_excel,excel_file,C:\Users\suresh\Downloads\GermanCredit.xls
https://github.com/namman2/Data-Analytics-Projects/blob/fb4158dc943d0ecff0c052b9c40dbc176fb39b51/German%20Credit%20Data%20Analysis%20(UCI%20Machine%20Learning)/Files/Assignment1.rmp,https://raw.githubusercontent.com/namman2/Data-Analytics-Projects/fb4158dc943d0ecff0c052b9c40dbc176fb39b51/German%20Credit%20Data%20Analysis%20(UCI%20Machine%20Learning)/Files/Assignment1.rmp,https://api.github.com/repos/namman2/Data-Analytics-Projects/git/blobs/8b7d314f01e46d3c44cbe477ba3ba31951c087d8,https://github.com/namman2/Data-Analytics-Projects/blob/fb4158dc943d0ecff0c052b9c40dbc176fb39b51/German%20Credit%20Data%20Analysis%20(UCI%20Machine%20Learning)/Files/Assignment1.rmp,German Credit Data Analysis (UCI Machine Learning)/Files/Assignment1.rmp,file,Jupyter Notebook,2015-12-24 08:22:50,2018-03-13 18:45:27,namman2/Data-Analytics-Projects,read_excel,excel_file,D:\1. Industrial Engineering\Data Mining\Assignments\Assignment 1\GermanCredit.xls
https://github.com/namman2/Data-Analytics-Projects/blob/fb4158dc943d0ecff0c052b9c40dbc176fb39b51/German%20Credit%20Data%20Analysis%20(UCI%20Machine%20Learning)/Files/50%2050%20.rmp,https://raw.githubusercontent.com/namman2/Data-Analytics-Projects/fb4158dc943d0ecff0c052b9c40dbc176fb39b51/German%20Credit%20Data%20Analysis%20(UCI%20Machine%20Learning)/Files/50%2050%20.rmp,https://api.github.com/repos/namman2/Data-Analytics-Projects/git/blobs/43f4800a61cd65bf55d8c7c41c77455f40050c8c,https://github.com/namman2/Data-Analytics-Projects/blob/fb4158dc943d0ecff0c052b9c40dbc176fb39b51/German%20Credit%20Data%20Analysis%20(UCI%20Machine%20Learning)/Files/50%2050%20.rmp,German Credit Data Analysis (UCI Machine Learning)/Files/50 50 .rmp,file,Jupyter Notebook,2015-12-24 08:22:50,2018-03-13 18:45:27,namman2/Data-Analytics-Projects,read_excel,excel_file,C:\Users\suresh\Downloads\GermanCredit.xls
https://github.com/namman2/Data-Analytics-Projects/blob/fb4158dc943d0ecff0c052b9c40dbc176fb39b51/German%20Credit%20Data%20Analysis%20(UCI%20Machine%20Learning)/Files/Exp.rmp,https://raw.githubusercontent.com/namman2/Data-Analytics-Projects/fb4158dc943d0ecff0c052b9c40dbc176fb39b51/German%20Credit%20Data%20Analysis%20(UCI%20Machine%20Learning)/Files/Exp.rmp,https://api.github.com/repos/namman2/Data-Analytics-Projects/git/blobs/108cad11c9dcda9b3eea5d84019e306c4525221e,https://github.com/namman2/Data-Analytics-Projects/blob/fb4158dc943d0ecff0c052b9c40dbc176fb39b51/German%20Credit%20Data%20Analysis%20(UCI%20Machine%20Learning)/Files/Exp.rmp,German Credit Data Analysis (UCI Machine Learning)/Files/Exp.rmp,file,Jupyter Notebook,2015-12-24 08:22:50,2018-03-13 18:45:27,namman2/Data-Analytics-Projects,read_excel,excel_file,D:\1. Industrial Engineering\Data Mining\Assignments\Assignment 1\GermanCredit.xls
https://github.com/namman2/Data-Analytics-Projects/blob/fb4158dc943d0ecff0c052b9c40dbc176fb39b51/German%20Credit%20Data%20Analysis%20(UCI%20Machine%20Learning)/Files/04_Class_4.1_decision_tree_german_credit_risk.rmp,https://raw.githubusercontent.com/namman2/Data-Analytics-Projects/fb4158dc943d0ecff0c052b9c40dbc176fb39b51/German%20Credit%20Data%20Analysis%20(UCI%20Machine%20Learning)/Files/04_Class_4.1_decision_tree_german_credit_risk.rmp,https://api.github.com/repos/namman2/Data-Analytics-Projects/git/blobs/cd1171b9af9d0ee1f1a1c9c44aad20c218eb11e1,https://github.com/namman2/Data-Analytics-Projects/blob/fb4158dc943d0ecff0c052b9c40dbc176fb39b51/German%20Credit%20Data%20Analysis%20(UCI%20Machine%20Learning)/Files/04_Class_4.1_decision_tree_german_credit_risk.rmp,German Credit Data Analysis (UCI Machine Learning)/Files/04_Class_4.1_decision_tree_german_credit_risk.rmp,file,Jupyter Notebook,2015-12-24 08:22:50,2018-03-13 18:45:27,namman2/Data-Analytics-Projects,read_excel,excel_file,german-credit-raw.xlsx
https://github.com/nsethi31/Market-Segmentation-of-Bath-Soap/blob/00b1a579b16d60b6e2647740472326248813af51/K-Means-K=3%20(2).rmp,https://raw.githubusercontent.com/nsethi31/Market-Segmentation-of-Bath-Soap/00b1a579b16d60b6e2647740472326248813af51/K-Means-K%3D3%20(2).rmp,https://api.github.com/repos/nsethi31/Market-Segmentation-of-Bath-Soap/git/blobs/03306d0a48a47569d35a7229d3eb901cd5b98bd2,https://github.com/nsethi31/Market-Segmentation-of-Bath-Soap/blob/00b1a579b16d60b6e2647740472326248813af51/K-Means-K=3%20(2).rmp,K-Means-K=3 (2).rmp,file,,2017-01-06 04:21:08,2017-01-06 04:21:08,nsethi31/Market-Segmentation-of-Bath-Soap,read_excel,excel_file,C:\Users\Nishit\Desktop\Fall 2016\IDS 572-Data Mining for Business\Assignments\Assignment 4\Data.xlsx
https://github.com/nsethi31/Market-Segmentation-of-Bath-Soap/blob/00b1a579b16d60b6e2647740472326248813af51/K-Means-K=3.rmp,https://raw.githubusercontent.com/nsethi31/Market-Segmentation-of-Bath-Soap/00b1a579b16d60b6e2647740472326248813af51/K-Means-K%3D3.rmp,https://api.github.com/repos/nsethi31/Market-Segmentation-of-Bath-Soap/git/blobs/f68fd2efbc0032932f00297ad2d1be68a68eb0e7,https://github.com/nsethi31/Market-Segmentation-of-Bath-Soap/blob/00b1a579b16d60b6e2647740472326248813af51/K-Means-K=3.rmp,K-Means-K=3.rmp,file,,2017-01-06 04:21:08,2017-01-06 04:21:08,nsethi31/Market-Segmentation-of-Bath-Soap,read_excel,excel_file,C:\Users\Nishit\Desktop\Fall 2016\IDS 572-Data Mining for Business\Assignments\Assignment 4\Data.xlsx
https://github.com/nsethi31/Market-Segmentation-of-Bath-Soap/blob/00b1a579b16d60b6e2647740472326248813af51/K-Means-K=4%20(2).rmp,https://raw.githubusercontent.com/nsethi31/Market-Segmentation-of-Bath-Soap/00b1a579b16d60b6e2647740472326248813af51/K-Means-K%3D4%20(2).rmp,https://api.github.com/repos/nsethi31/Market-Segmentation-of-Bath-Soap/git/blobs/628924ac02d0e07d6139da0ce41c1d99ac742fe9,https://github.com/nsethi31/Market-Segmentation-of-Bath-Soap/blob/00b1a579b16d60b6e2647740472326248813af51/K-Means-K=4%20(2).rmp,K-Means-K=4 (2).rmp,file,,2017-01-06 04:21:08,2017-01-06 04:21:08,nsethi31/Market-Segmentation-of-Bath-Soap,read_excel,excel_file,C:\Users\Nishit\Desktop\Fall 2016\IDS 572-Data Mining for Business\Assignments\Assignment 4\Data.xlsx
https://github.com/nsethi31/Market-Segmentation-of-Bath-Soap/blob/00b1a579b16d60b6e2647740472326248813af51/K-Means-K=4.rmp,https://raw.githubusercontent.com/nsethi31/Market-Segmentation-of-Bath-Soap/00b1a579b16d60b6e2647740472326248813af51/K-Means-K%3D4.rmp,https://api.github.com/repos/nsethi31/Market-Segmentation-of-Bath-Soap/git/blobs/26ee76ea7e74470987f6614338e90338bddfa4a2,https://github.com/nsethi31/Market-Segmentation-of-Bath-Soap/blob/00b1a579b16d60b6e2647740472326248813af51/K-Means-K=4.rmp,K-Means-K=4.rmp,file,,2017-01-06 04:21:08,2017-01-06 04:21:08,nsethi31/Market-Segmentation-of-Bath-Soap,read_excel,excel_file,C:\Users\Nishit\Desktop\Fall 2016\IDS 572-Data Mining for Business\Assignments\Assignment 4\Data.xlsx
https://github.com/mghorp2/Data-Mining-Project/blob/c6d6d7e5f5833f2a8cde5044625bb0c31ea086d5/Project%201/Credit_Scoring_V2.0.rmp,https://raw.githubusercontent.com/mghorp2/Data-Mining-Project/c6d6d7e5f5833f2a8cde5044625bb0c31ea086d5/Project%201/Credit_Scoring_V2.0.rmp,https://api.github.com/repos/mghorp2/Data-Mining-Project/git/blobs/c615272715b323b01257f18733fdfed567ea2782,https://github.com/mghorp2/Data-Mining-Project/blob/c6d6d7e5f5833f2a8cde5044625bb0c31ea086d5/Project%201/Credit_Scoring_V2.0.rmp,Project 1/Credit_Scoring_V2.0.rmp,file,R,2017-12-21 04:25:02,2017-12-21 04:25:39,mghorp2/Data-Mining-Project,read_excel,excel_file,D:\UIC\Fall 2017\Data Mining\Assignment\GermanCredit_assgt_F17.xls
https://github.com/mikhilpaul/german-credit-analysis/blob/2a5f95ae510d31063608ff101976fa7010ee454e/AdaBoosting%20-GermenCreditCard.rmp,https://raw.githubusercontent.com/mikhilpaul/german-credit-analysis/2a5f95ae510d31063608ff101976fa7010ee454e/AdaBoosting%20-GermenCreditCard.rmp,https://api.github.com/repos/mikhilpaul/german-credit-analysis/git/blobs/befd64c582cae6734a51918b93c065c4a149b1b9,https://github.com/mikhilpaul/german-credit-analysis/blob/2a5f95ae510d31063608ff101976fa7010ee454e/AdaBoosting%20-GermenCreditCard.rmp,AdaBoosting -GermenCreditCard.rmp,file,,2018-01-01 01:39:45,2018-01-01 01:39:45,mikhilpaul/german-credit-analysis,read_excel,excel_file,C:\Users\Mikhil Paul\Documents\RapidMiner Repository\data\GermanCredit_assgt_F17.xls
https://github.com/mikhilpaul/german-credit-analysis/blob/2a5f95ae510d31063608ff101976fa7010ee454e/Decision%20Tree-GermenCreditCard.rmp,https://raw.githubusercontent.com/mikhilpaul/german-credit-analysis/2a5f95ae510d31063608ff101976fa7010ee454e/Decision%20Tree-GermenCreditCard.rmp,https://api.github.com/repos/mikhilpaul/german-credit-analysis/git/blobs/66a20ebf5cf3933e386172ef906c494cc3335238,https://github.com/mikhilpaul/german-credit-analysis/blob/2a5f95ae510d31063608ff101976fa7010ee454e/Decision%20Tree-GermenCreditCard.rmp,Decision Tree-GermenCreditCard.rmp,file,,2018-01-01 01:39:45,2018-01-01 01:39:45,mikhilpaul/german-credit-analysis,read_excel,excel_file,C:\Users\Mikhil Paul\Documents\RapidMiner Repository\data\GermanCredit_assgt_F17.xls
https://github.com/mikhilpaul/german-credit-analysis/blob/2a5f95ae510d31063608ff101976fa7010ee454e/Random%20Forest-GermenCreditCard.rmp,https://raw.githubusercontent.com/mikhilpaul/german-credit-analysis/2a5f95ae510d31063608ff101976fa7010ee454e/Random%20Forest-GermenCreditCard.rmp,https://api.github.com/repos/mikhilpaul/german-credit-analysis/git/blobs/b3284de7720853e0583cf6e6d3ec97a3e9decf52,https://github.com/mikhilpaul/german-credit-analysis/blob/2a5f95ae510d31063608ff101976fa7010ee454e/Random%20Forest-GermenCreditCard.rmp,Random Forest-GermenCreditCard.rmp,file,,2018-01-01 01:39:45,2018-01-01 01:39:45,mikhilpaul/german-credit-analysis,read_excel,excel_file,C:\Users\Mikhil Paul\Documents\RapidMiner Repository\data\GermanCredit_assgt_F17.xls
https://github.com/wooyol/concepts-and-practice-with-rapidminer/blob/75f1f61d121c0f30a0f05e4dd72b94b180672fda/ch04.1%20german%20credit.rmp,https://raw.githubusercontent.com/wooyol/concepts-and-practice-with-rapidminer/75f1f61d121c0f30a0f05e4dd72b94b180672fda/ch04.1%20german%20credit.rmp,https://api.github.com/repos/wooyol/concepts-and-practice-with-rapidminer/git/blobs/b4e00b255a7994263a3d9a1014bb1988f64c20ab,https://github.com/wooyol/concepts-and-practice-with-rapidminer/blob/75f1f61d121c0f30a0f05e4dd72b94b180672fda/ch04.1%20german%20credit.rmp,ch04.1 german credit.rmp,file,,2018-03-19 11:20:24,2018-03-19 16:57:22,wooyol/concepts-and-practice-with-rapidminer,read_excel,excel_file,/Users/altamira/Projects/rapid.Prj/concepts-and-practice-with-rapidminer/04_Class_4.1_german-credit-raw.xlsx
https://github.com/mounicasirineni/Market-segmentation-using-clustering-techniques/blob/ed08376cccd72315b66bf722dff729416c26c98e/RapidMinerProcess/clusBbathSoap_brand.rmp,https://raw.githubusercontent.com/mounicasirineni/Market-segmentation-using-clustering-techniques/ed08376cccd72315b66bf722dff729416c26c98e/RapidMinerProcess/clusBbathSoap_brand.rmp,https://api.github.com/repos/mounicasirineni/Market-segmentation-using-clustering-techniques/git/blobs/9f90629a90bc2a4626a88f06c85de933e91cdb6d,https://github.com/mounicasirineni/Market-segmentation-using-clustering-techniques/blob/ed08376cccd72315b66bf722dff729416c26c98e/RapidMinerProcess/clusBbathSoap_brand.rmp,RapidMinerProcess/clusBbathSoap_brand.rmp,file,,2015-12-13 06:50:20,2016-02-07 18:02:20,mounicasirineni/Market-segmentation-using-clustering-techniques,read_excel,excel_file,C:\SEMESTER\SEMESTER - 3\Data Mining\Assignment 3\Assgt_clusBathSoap_Data.xls
https://github.com/namman2/Data-Analytics-Projects/blob/fb4158dc943d0ecff0c052b9c40dbc176fb39b51/Market%20Segmentation%20Data%20Analysis%20(CRISA%20%E2%80%93%20A%20leading%20market%20research%20agency)/Files/marketSegmentation.rmp,https://raw.githubusercontent.com/namman2/Data-Analytics-Projects/fb4158dc943d0ecff0c052b9c40dbc176fb39b51/Market%20Segmentation%20Data%20Analysis%20(CRISA%20%E2%80%93%20A%20leading%20market%20research%20agency)/Files/marketSegmentation.rmp,https://api.github.com/repos/namman2/Data-Analytics-Projects/git/blobs/f7f0dcfb540b682bf133a8c1ebbe77ef62544897,https://github.com/namman2/Data-Analytics-Projects/blob/fb4158dc943d0ecff0c052b9c40dbc176fb39b51/Market%20Segmentation%20Data%20Analysis%20(CRISA%20%E2%80%93%20A%20leading%20market%20research%20agency)/Files/marketSegmentation.rmp,Market Segmentation Data Analysis (CRISA – A leading market research agency)/Files/marketSegmentation.rmp,file,Jupyter Notebook,2015-12-24 08:22:50,2018-03-13 18:45:27,namman2/Data-Analytics-Projects,read_excel,excel_file,C:\Users\Chiku\Desktop\1. Industrial Engineering\Data Mining\Assignments\Assignment 4\Assgt_clusBathSoap_Data.xls
https://github.com/namman2/Data-Analytics-Projects/blob/fb4158dc943d0ecff0c052b9c40dbc176fb39b51/Text%20Mining%20and%20Topic%20Modeling%20Analysis%20of%20Job%20Postings%20on%20LinkedIn/Files/text_mining_assignment_6.rmp,https://raw.githubusercontent.com/namman2/Data-Analytics-Projects/fb4158dc943d0ecff0c052b9c40dbc176fb39b51/Text%20Mining%20and%20Topic%20Modeling%20Analysis%20of%20Job%20Postings%20on%20LinkedIn/Files/text_mining_assignment_6.rmp,https://api.github.com/repos/namman2/Data-Analytics-Projects/git/blobs/8624c300544d6776929252ff12ea72d3f8221246,https://github.com/namman2/Data-Analytics-Projects/blob/fb4158dc943d0ecff0c052b9c40dbc176fb39b51/Text%20Mining%20and%20Topic%20Modeling%20Analysis%20of%20Job%20Postings%20on%20LinkedIn/Files/text_mining_assignment_6.rmp,Text Mining and Topic Modeling Analysis of Job Postings on LinkedIn/Files/text_mining_assignment_6.rmp,file,Jupyter Notebook,2015-12-24 08:22:50,2018-03-13 18:45:27,namman2/Data-Analytics-Projects,read_excel,excel_file,C:\Users\Chiku\Desktop\1. Industrial Engineering\Data Mining\Assignments\Assignment 6\Supporting Files\jobsDataAll.txt
https://github.com/mghorp2/Data-Mining-Project/blob/c6d6d7e5f5833f2a8cde5044625bb0c31ea086d5/Project%204/Clustering-4_IDS572.rmp,https://raw.githubusercontent.com/mghorp2/Data-Mining-Project/c6d6d7e5f5833f2a8cde5044625bb0c31ea086d5/Project%204/Clustering-4_IDS572.rmp,https://api.github.com/repos/mghorp2/Data-Mining-Project/git/blobs/25e9fd5f9d41471665c12d789fc4ca195aa2e957,https://github.com/mghorp2/Data-Mining-Project/blob/c6d6d7e5f5833f2a8cde5044625bb0c31ea086d5/Project%204/Clustering-4_IDS572.rmp,Project 4/Clustering-4_IDS572.rmp,file,R,2017-12-21 04:25:02,2017-12-21 04:25:39,mghorp2/Data-Mining-Project,read_excel,excel_file,G:\UIC\Data Mining\Assignment4\Assgt4_clusBathSoap_Data.xls
https://github.com/Suvadeep90/Sentimental-Analysis-Of-Twitter-Data/blob/63387836ff0ce32be53930f5a7c7f9a06669d87b/Obama_Suvadeep.rmp,https://raw.githubusercontent.com/Suvadeep90/Sentimental-Analysis-Of-Twitter-Data/63387836ff0ce32be53930f5a7c7f9a06669d87b/Obama_Suvadeep.rmp,https://api.github.com/repos/Suvadeep90/Sentimental-Analysis-Of-Twitter-Data/git/blobs/6552700a330ab7729968725280d315a9f4fefa1e,https://github.com/Suvadeep90/Sentimental-Analysis-Of-Twitter-Data/blob/63387836ff0ce32be53930f5a7c7f9a06669d87b/Obama_Suvadeep.rmp,Obama_Suvadeep.rmp,file,SQLPL,2017-01-04 17:50:38,2017-01-04 17:58:30,Suvadeep90/Sentimental-Analysis-Of-Twitter-Data,read_excel,excel_file,C:\Users\suvad\Desktop\CS583\Project 2\Obama.xlsx
https://github.com/Suvadeep90/Sentimental-Analysis-Of-Twitter-Data/blob/63387836ff0ce32be53930f5a7c7f9a06669d87b/Romney_Suvadeep.rmp,https://raw.githubusercontent.com/Suvadeep90/Sentimental-Analysis-Of-Twitter-Data/63387836ff0ce32be53930f5a7c7f9a06669d87b/Romney_Suvadeep.rmp,https://api.github.com/repos/Suvadeep90/Sentimental-Analysis-Of-Twitter-Data/git/blobs/fbc5766724b1d8a0d0879622146b15395371d2ff,https://github.com/Suvadeep90/Sentimental-Analysis-Of-Twitter-Data/blob/63387836ff0ce32be53930f5a7c7f9a06669d87b/Romney_Suvadeep.rmp,Romney_Suvadeep.rmp,file,SQLPL,2017-01-04 17:50:38,2017-01-04 17:58:30,Suvadeep90/Sentimental-Analysis-Of-Twitter-Data,read_excel,excel_file,C:\Users\suvad\Desktop\CS583\Project 2\Romney.xlsx
https://github.com/bhandariaditya/Target-Marketing-Fund-Raising/blob/6f7604e165689797214e7649a3257424c622c6c7/part-2.rmp,https://raw.githubusercontent.com/bhandariaditya/Target-Marketing-Fund-Raising/6f7604e165689797214e7649a3257424c622c6c7/part-2.rmp,https://api.github.com/repos/bhandariaditya/Target-Marketing-Fund-Raising/git/blobs/dfeae02e6093ed9b81d33e85db5b8aada1ab1388,https://github.com/bhandariaditya/Target-Marketing-Fund-Raising/blob/6f7604e165689797214e7649a3257424c622c6c7/part-2.rmp,part-2.rmp,file,Python,2017-11-19 00:16:17,2018-04-12 20:46:00,bhandariaditya/Target-Marketing-Fund-Raising,read_excel,excel_file,/Users/adityabhandari/Desktop/IDS572/Assignments/Assignment 4/Assgt4_clusBathSoap_Data.xls
